1 0 0.337 CYS 326 B;CYS 326 A;CYS 331 B;CYS 331 A 1AT1 CYS 114 D;CYS 109 D;CYS 141 D;CYS 138 D 2.1.3.2 P0A7F3 2.80 4
1 1 0.505 CYS 331 A;CYS 326 A;CYS 331 B;CYS 326 B 1XA8 CYS 101 A;CYS 33 A;CYS 104 A;CYS 35 A 4.4.-.- Q51669 2.40 4
1 2 0.512 CYS 331 A;CYS 326 A;CYS 331 B;CYS 326 B 2A5H CYS 377 D;CYS 268 C;CYS 380 D;CYS 375 D 5.4.3.2 NULL 2.10 4
1 3 0.601 CYS 331 B;CYS 331 A;CYS 326 B;CYS 326 A 1PEG CYS 308 B;CYS 313 B;CYS 306 B;CYS 244 B 2.1.1.43 P02303 2.59 4
1 4 0.628 CYS 331 A;CYS 326 B;CYS 331 B;CYS 326 A 1QLH CYS 111 A;CYS 103 A;CYS 97 A;CYS 100 A 1.1.1.1 P00327 2.07 4
1 5 0.65 CYS 326 A;CYS 331 B;CYS 331 A;CYS 326 B 4XB6 CYS 266 H;CYS 244 H;CYS 241 H;CYS 272 H 4.7.1.1 P16688 1.70 4
1 6 0.654 CYS 331 A;CYS 326 B;CYS 331 B;CYS 326 A 1EN7 CYS 61 B;CYS 58 B;CYS 26 B;CYS 23 B 3.1.22.4 P13340 2.40 4
1 7 0.7 CYS 331 B;CYS 326 B;CYS 331 A;CYS 326 A 1K82 CYS 266 C;CYS 246 C;CYS 263 C;CYS 243 C 3.2.2.23 P05523 2.10 4
1 8 0.714 CYS 326 A;CYS 331 A;CYS 326 B;CYS 331 B 3NOS CYS 99 B;CYS 99 A;CYS 94 A;CYS 94 B 1.14.13.39 P29474 2.40 4
1 9 0.721 CYS 331 B;CYS 326 B;CYS 331 A;CYS 326 A 1SZD CYS 170 A;CYS 173 A;CYS 143 A;CYS 146 A 3.5.1.- P02309 1.50 4
1 10 0.864 CYS 326 B;CYS 331 A;CYS 326 A;CYS 331 B 1E3I CYS 100 B;CYS 97 B;CYS 103 B;CYS 111 B 1.1.1.1 Q9QYY9 2.08 4
1 11 0.877 CYS 331 B;CYS 331 A;CYS 326 A;CYS 326 B 1ZIO CYS 150 A;CYS 130 A;CYS 133 A;CYS 153 A 2.7.4.3 P27142 1.96 4
1 12 0.977 CYS 331 B;CYS 326 B;CYS 326 A;CYS 331 A 1V54 CYS 62 S;CYS 60 S;CYS 85 S;CYS 82 S 1.9.3.1 P10175 1.80 4
1 13 0.984 CYS 331 B;CYS 331 A;CYS 326 A;CYS 326 B 1ADN CYS 42 A;CYS 38 A;CYS 72 A;CYS 69 A NULL P06134 NOT 4
